Liên kết,Tên công ty,Tên công việc,Mức lương,Khu vực tuyển,Cấp bậc,Số lượng tuyển,Hình thức làm việc,Yêu cầu bằng cấp,Yêu cầu kinh nghiệm,Ngành nghề,Địa điểm làm việc,Mô tả công việc,Yêu cầu công việc,Quyền lợi,Từ khóa,Địa chỉ công ty,Quy mô công ty
https://vieclam24h.vn/ban-hang-kinh-doanh/nhan-vien-ban-hang-tai-yamaha-town-do3-ho-chi-minh-c13p122id200284520.html,Công Ty TNHH Yamaha Motor Việt Nam,Nhân Viên Bán Hàng Tại Yamaha Town Do3 Hồ Chí Minh,8 - 15 triệu,TP.HCM,Chuyên viên- nhân viên,5,Toàn thời gian cố định,Cao đẳng,Dưới 1 năm,Bán hàng - Kinh doanh/Bán sỉ - Bán lẻ - Quản lý cửa hàng,"TP.HCM, Yamaha Town – 38 Trương Quốc Dung, Quận 10","- Tư vấn bán xe và hỗ trợ khách hàng.- Quản lý kho xe, dữ liệu khách hàng.- Lập báo cáo bán hàng.- Thực hiện các công việc khác theo sự phân công của cửa hàng trưởng.","Địa điểm làm việc:Yamaha Town – 38 Trương Quốc Dung, Q10, Quận Phú Nhuận.(Có thể luân chuyển định kỳ trong hệ thống Showroom của Công ty Yamaha tại Hồ Chí Minh)Yêu cầu:- Tốt nghiệp Cao đằng trở lên.Tiếng Anh giao tiếp cơ bản.- Thành thạo các kỹ năng máy tính, đặc biệt các ứng dụng văn phòng (Word, Excel, Power Point).- Ngoại hình khá, kỹ năng giao tiếp tốt (Ưu tiên những ứng viên có kinh nghiệm bán hàng).- Có sức khỏe tốt, chăm chỉ, năng động và tinh thần trách nhiệm cao.","- Ngày làm việc: trung bình 22 ngày làm việc/ 1 tháng.- Thời gian làm việc: Theo ca. Ca 1: 8h~17h. Ca 2: 12h~20h. (có thể linh hoạt thay đổi). - Mức lương thoả đáng, thưởng Tết, thưởng thành tích hàng năm.- Tham gia các khóa đào tạo online, offline để phát triển bản thân- Đóng Bảo hiểm bắt buộc theo quy định của luật BHXH căn cứ trên toàn bộ lương cơ bản Hưởng quyền lợi bảo hiểm tai nạn 24/7-Trợ cấp ngoại ngữ, nhà ở, chuyên cần.- Tham gia du lịch hàng năm cùng Công ty, tham gia các hoạt động ngoài giờ : Bóng đá, thể thao…",bán hàngquận phú nhuậnnhân viên bán hàng quận 12Việc làm TP.HCMBán hàng - Kinh doanhCông Ty TNHH Yamaha Motor ...,"Yamaha Town – 38 Trương Quốc Dung, Q10, Quận Phú Nhuận.",Trên 300 người
https://vieclam24h.vn/ban-hang-kinh-doanh/nhan-vien-kinh-doanh-c13p131id200284441.html,Công Ty TNHH Thiết Bị Y Tế Medent,Nhân Viên Kinh Doanh,7 - 8 triệu,"Cần Thơ,",Chuyên viên- nhân viên,6,Toàn thời gian cố định,Đại học,1 năm,Bán hàng - Kinh doanh/Dược phẩm/Chăm sóc khách hàng,"Cần Thơ, 223 Nguyễn Văn Linh, Phường Hưng Lợi, Ninh KiềuTP.HCM, 37 Bàu Cát 3, Phường 14, Tân Bình","Cập nhật dữ liệu khách hàng hàng ngày.Tư vấn về sản phẩm, báo giá, thương thảo hợp đồng và ký kếtPhân phối hàng theo các kênh quản lý được giao.Thực thi các hoạt động chăm sóc khách hàng.Thực thi kế hoạch kinh doanh của bộ phận.","Tin học văn phòng, power point.Biết thiết kế bài đăng Facebook quảng cáo sản phẩm là 1 lợi thế","Chính sách Công ty: Cơm trưa, Xăng xe, Điện thoạiChính sách Coffe, sữa cho nhân viên Công ty, Cổ phiếu ưu đãi, Lương 13, hoa hồng….Du lịch hằng nămKhám sức khỏe định kỳĐược đào tạo, nâng cao nghiệp vụ",lập trình unityvisual merchandisingkhu công nghiệp tân bìnhViệc làm Cần ThơBán hàng - Kinh doanhCông Ty TNHH Thiết Bị ...,"37 Bàu Cát 3, Phường 14, quận Tân Bình",10 - 150 người
https://vieclam24h.vn/khach-san-nha-hang-du-lich/nhan-vien-phu-bep-nam-c5p122id200284478.html,Công Ty Cổ Phần City Kitchen,Nhân Viên Phụ Bếp Nam,4 - 10 triệu,TP.HCM,Chuyên viên- nhân viên,3,Toàn thời gian cố định,,2 năm,Khách sạn - Nhà hàng - Du lịch/Lao động phổ thông/Nghề nghiệp khác,"TP.HCM, 168/47 Nguyễn Gia Trí, Phường 25, Quận Bình Thạnh, Bình Thạnh",Liên hệ Mr Trường 0942074609 để trao đổi thêm công việc- Sơ chế thì rau cá- Tham gia phụ nấu theo hướng dẫn Bếp Chính trong giờ cao điểm- Vệ sinh không gian và dụng cụ làm việc,"- Có ít nhất 2 năm kinh nghiệm phụ bếp- Trung thực, tự giác, không ngại việc- Hòa đồng, giao tiếp thân thiện- Ý thức vệ sinh tốt","- Lương 30 - 40k/h tùy kinh nghiệm, sẽ được trao đổi cụ thể - Thời gian làm việc : từ 5g - 15g ( thứ 2 - thứ 6 )- Bao ăn trưa- Nếu phù hợp sẽ chuyển sang hợp đồng lao động chính thức- Môi trường làm việc hòa đồng, mọi người vui vẻ giúp đỡ nhau. Chủ trẻ tuổi dễ tính, đề cao tinh thần tự giác.",bếpnamphụ bếp tại hồ chí minhViệc làm TP.HCMKhách sạn - Nhà hàng - Du lịchCông Ty Cổ Phần City ...,"168/47 Nguyễn Gia Trí, Phường 25, Quận Bình Thạnh, Thành phố Hồ Chí Minh, Việt Nam",Dưới 10 người
https://vieclam24h.vn/marketing/nhan-vien-kinh-doanh-c12p119id200284476.html,Công Ty TNHH Sản Xuất Thịnh Việt,Nhân Viên Kinh Doanh,20 - 35 triệu,Bình Dương,Chuyên viên- nhân viên,1,Toàn thời gian cố định,Đại học,3 năm,Marketing/Bán hàng - Kinh doanh/Chăm sóc khách hàng,"Bình Dương, Số 54A/2 Đường ĐT 743, Khu phố 1B, Phường An Phú, Tân Uyên","Sale và chăm sóc khách hàng.Tìm kiếm khách hàng tiềm năng, mở rộng nguồn khách hàng.Tư vấn khách hàng, giới thiệu của công ty đến với khách hàng.Duy trì và mở rộng phạm vi hợp tác với các khách hàng tiềm năng và khách hàng chiến lược.Báo cáo ban giám đốc những việc có liên quan.","Nhanh nhẹn, hoạt bát, có khả năng giao tiếp tốt, làm việc độc lập.Có kinh nghiệm làm sale/chăm sóc khách hàng. (đã làm ở công ty ngước ngoài là một lợi thế)Am hiểu, biết phân tích thị trường gỗ nội thất (mỹ, châu âu...)Có kinh nghiệm ít nhất từ 3 năm trở lên ở vị trí tương đương.","Lương thỏa thuận.Thưởng lễ, tết.Đồng phục công ty cấp.Được trang bị máy tính, thiết bị ngay từ ngày đầu làm việc.Môi trường làm việc trẻ trung, năng động, mọi ý kiến đóng góp sẽ được quản lý và đồng nghiệp tiếp thu.Các chế độ khác theo luật lao động.",huyện thuận anlập trình unityvisual merchandisingViệc làm Bình DươngMarketingCông Ty TNHH Sản Xuất ...,"Số 54A/2 Đường ĐT 743, Khu phố 1B, Phường An Phú, Thành phố Thuận An, Tỉnh Bình Dương, Việt Nam",Trên 300 người
https://vieclam24h.vn/tai-chinh-dau-tu-chung-khoan/chuyen-vien-tu-van-tai-chinh-ung-dung-so-tincard-c18p122id200284067.html,Công Ty Tài Chính Cổ Phần Tín Việt - Vietcredit,Chuyên Viên Tư Vấn Tài Chính (Ứng Dụng Số Tincard),12 - 30 triệu,"TP.HCM,",Chuyên viên- nhân viên,5,Toàn thời gian cố định,Trung học,Chưa có kinh nghiệm,Tài chính - Đầu tư - Chứng Khoán/Ngân hàng/Bán hàng - Kinh doanh,"TP.HCM, Quận 10Cần Thơ, Ninh KiềuĐà Nẵng, Cẩm Lệ","Thực hiện các hoạt động Activation, CTKM nhằm thu hút và Triển khai ứng dụng Digital App TinCard đến khách hàng mục tiêu (sinh viên)Trực tại các điểm bán hàng là các trường ĐH/CĐ (đã có liên kết) để tư vấn và thuyết phục KH mở thẻ tín dụng kỹ thuật số trên ứng dụng TINCard của VietCredit;Kết nối, hợp tác với Cộng tác viên triển khai ứng dụng TINCard và sản phẩm mục tiêu của công ty;Chăm sóc và duy trì mối quan hệ với KH đã mở thẻ và đội ngũ CTV đã ký kếTuân thủ việc bán hàng theo tệp khách hàng đã được phân công/ chỉ định.Hiểu và giải thích đến Khách hàng chi tiết về các điều khoản, lãi suất, phí và chính sách liên quan đến sản phẩm theo yêu cầu của công ty trong từng thời kỳ.","Tốt nghiệp THPT trở lên;Yêu thích công việc bán hàng; có thể đi thị trường;Lạc quan, vui vẻ, hòa đồng, suy nghĩ tích cực và kiên trì trong công việc; có khả năng xử lý tình huống linh hoạt; Sức khoẻ tốt;Am hiểu công nghệ là một lợi thế.","Thu nhập bao gồm: Lương cơ bản 6,800,000 + phụ cấp + hoa hồng => Tổng thu thập từ 12,000,000/ thángThưởng kinh doanh hàng thángKý Hợp đồng lao động chính thức và đóng Bảo hiểm xã hội sau 02 tháng học nghề/thử việc.12 ngày nghỉ phép + 01 ngày phép vào ngày sinh nhậtBảo hiểm tai nạn 24/24, Khám sức khỏe định kỳ, Đồng phục chuyên nghiệp.Được đào tạo chuyên nghiệp trước khi làm việc; đặc biệt CBNV sẽ luôn được tham gia các khóa học cho mục tiêu phát triển sự nghiệp trong tương lai.",tư vấnư vấnchuyên viênViệc làm TP.HCMTài chính - Đầu tư - Chứng KhoánCông Ty Tài Chính Cổ ...,"195 Điện Biên Phủ, Phường 15, Bình Thạnh, Hồ Chí Minh",Trên 300 người
https://vieclam24h.vn/quan-ly-tieu-chuan-va-chat-luong/chuyen-vien-quan-ly-chat-luong-nganh-bo-sua-vinamilk-tower-c28p122id200284374.html,Công Ty TNHH MTV Bò Sữa Việt Nam (Vinamilk),Chuyên Viên Quản Lý Chất Lượng (Ngành Bò Sữa) _Vinamilk Tower,14 - 18 triệu,TP.HCM,Chuyên viên- nhân viên,1,Toàn thời gian cố định,Đại học,1 năm,Quản lý tiêu chuẩn và chất lượng/Hóa học - Hóa sinh/Công nghệ thực phẩm - Dinh dưỡng,"TP.HCM, Tòa nhà VINAMILK_số 10 Tân Trào, Phường Tân Phú, Quận 7","+ Kiểm soát chất lượng nguyên vật liệu đầu vào, chất lượng sản phẩm đầu ra (liên quan hoạt động chăn nuôi bò sữa)+ Theo dõi các quá trình sản xuất tại Trang trại và kiểm soát các tác nhân hóa/sinh tác động đến quá trình chăn nuôi và sản xuất sữa tươi (cấp quản lý đồng hành và hướng dẫn để nắm bắt công việc)+ Thực hiện các báo cáo định kỳ, đột xuất liên quan nhiệm vụ chuyên môn, đưa ra đánh giá và tham vấn các phương án cải tiến.","1. Học vấn: + Đại học, các chuyên ngành liên quan Hóa, vi sinh, sinh học, chăn nuôi, thú y, thực phẩm, hoặc các ngành kỹ thuật có liên quan.2. Kinh nghiệm:+ Ít nhất 1 năm kinh nghiệm làm việc trong lĩnh vực giám sát, quản lý chất lượng ngành thực phẩm hoặc chăn nuôi bò sữa.3. Kiến thức chuyên môn:+ Có kiến cơ bản về quy trình sản xuất sữa/ thực phẩm, các quy định pháp lý về an toàn vệ sinh thực phẩm.+ Ưu tiên (không bắt buộc) có kiến thức về nguyên vật liệu trong chăn nuôi bò sữa.+ Ưu tiên có hiểu biết các quy định pháp lý về vệ sinh an toàn sinh học trong chăn nuôi.+ Ưu tiên có kiến thức về ISO, HACCP, GlobalG.A.P, Organic, ...4. Kỹ năng:+ Kỹ năng giao tiếp hiệu quả+ Sử dụng tốt vi tính văn phòng+ Có khả năng tổng hợp, phân tích dữ liệu5. Yêu cầu khác: + Tiếng anh giao tiếp cơ bản, đọc hiểu các tài liệu,+ Có khả năng làm việc độc lập, hoặc theo nhóm,+ Có thể đi công tác (khi công việc phát sinh)","+ Làm việc trong môi trường chuyên nghiệp. (Top 10 công ty có môi trường làm việc tốt nhất Việt Nam do Alphabet bình chọn)+ Chế độ thu nhập chi trả xứng đáng với nỗ lực, cống hiến (có bổ sung các khoảng thưởng Quý, Năm)+ Cơ cấu, nhiệm vụ Phòng/ Ban rõ ràng, lĩnh vực công việc chuyên môn sâu (đối với các bạn sinh viên mới, Bò Sữa sẵn sàng đào tạo, hướng dẫn, miễn là các bạn nhiệt huyết với công việc, khao khát học hỏi, nâng cao năng lực chuyên môn.Nếu ứng viên đã cứng nghiệp vụ => giao nhiệm vụ thực hiện ngay, phạm vi công việc bao quát toàn lãnh thổ Việt Nam)+ Hiện tại quy mô Công ty Bò Sữa VN đang mở rộng (vừa mở rộng trang trại chăn nuôi, vừa nâng cao phạm vi/ công nghệ sản xuất) => cơ hội thăng tiến còn nhiều phía trước,+ Các hoạt động phong trào, công đoàn thường xuyên được tổ chức => tạo sân chơi cho mọi người gắn kết (Hội thao, Văn nghệ, Thi sáng tạo, Tất niên, 8/3, 20/10, sinh nhật, ...)+ Hằng năm Bò Sữa VN lên Kế hoạch đào tạo, cập nhật các kiến thức, kỹ thuật mới => nâng cao dần năng lực => tạo nguồn nhân sự cốt lõi/ Hoặc các cá nhân chủ động đăng ký các chương trình đào tạo => tạo bước đà cho sự thăng tiến cá nhân)+ Bổ sung bảo hiểm PVI sau khi đạt Thử việc, lên cấp quản lý bổ sung bảo hiểm PVI cho cả người thân",chuyên viênsữachất lượngViệc làm TP.HCMQuản lý tiêu chuẩn và chất lượngCông Ty TNHH MTV Bò ...,"10 Tân Trào, Phường Tân Phú, Quận 7, TP.HCM_Vinamilk Tower_Lầu 10",Trên 300 người
https://vieclam24h.vn/ban-hang-kinh-doanh/nhan-vien-mua-hang-khong-yeu-cau-kinh-nghiem-c13p73id200283956.html,Công Ty TNHH Hiwin Hongkong,Nhân Viên Mua Hàng Không Yêu Cầu Kinh Nghiệm,7 - 10 triệu,Hà Nội,Chuyên viên- nhân viên,2,Toàn thời gian cố định,Cao đẳng,Chưa có kinh nghiệm,Bán hàng - Kinh doanh/Xuất Nhập Khẩu/Thu mua - Kho Vận - Chuỗi cung ứng,"Hà Nội, Tầng 3 tòa nhà Golden Palm – 21 Lê Văn Lương, Thanh Xuân","-         Chịu trách nhiệm mua hàng hóa, vật tư nhập khẩu và làm thủ tục nhập khẩu hàng hóa-         Tìm các đơn vị cung cấp hàng hóa, vật tư trong nước, lên đơn hàng, tiến hành đặt hàng-         Làm các công tác đàm phán, hoàn thiện chứng từ, theo dõi hóa đơn, thanh toán với các nhà cung cấp.","-         Tốt nghiệp các trường CĐ, ĐH-         Ưu tiên người có kinh nghiệm về mua hàng, tuy nhiên nếu không biết sẽ được công ty đào tạo-         Biết tiếng Anh hoặc tiếng Trung là một lợi thế-         Chăm chỉ, làm việc có độ chính xác cao, chịu được áp lực công việc.","-         Lương: tùy theo kinh nghiệm có thể thỏa thuận dao động 7-10tr.-         Thử việc 1 tháng, sau thử việc được đóng bảo hiểm-         Có phép năm và tháng lương thứ 13 theo quy định của công ty. Các dịp lễ tết, hiếu hỷ, thai sản, … theo chế độ công ty và quy định pháp luật.-         Tham gia các hoạt động khác của công ty: team building, nghỉ mát, thiện nguyện, …-         Thời gian làm việc: Từ 8:00 đến 17:30, tháng được nghỉ 2 ngày thứ 7 và các ngày chủ nhật-         Địa chỉ: Tầng 3 tòa nhà Golden Palm – 21 Lê Văn Lương – Thanh Xuân – Cầu Giấy – Hà Nội",kinh nghiệmmua hàngkhông yêu cầu kinh nghiệmViệc làm Hà NộiBán hàng - Kinh doanhCông Ty TNHH Hiwin Hongkong,"Tầng 3, tòa nhà Golden Palm số 21 Lê Văn Lương, Hà Nội",150 - 300 người
https://vieclam24h.vn/giao-duc-dao-tao/chuyen-vien-giao-vu-quan-ly-hoc-vien-tai-quan-9-hcm-c32p122id200284249.html,Cen Land - Công Ty Cổ Phần Bất Động Sản Thế Kỷ,"Chuyên Viên Giáo Vụ, Quản Lý Học Viên Tại Quận 9, HCM",15 - 23 triệu,TP.HCM,Chuyên viên- nhân viên,2,Toàn thời gian cố định,Cao đẳng,1 năm,Giáo dục - Đào tạo/Hành chính - Thư ký/Chăm sóc khách hàng,"TP.HCM, 57 Nguyễn Cơ Thạch, phường An Lợi Đông, Thủ Đức","•	Tư vấn và hỗ trợ học viên: Cung cấp tư vấn và hỗ trợ cá nhân cho học viên trong việc xác định mục tiêu nghề nghiệp, quyết định học tập, và giải quyết các vấn đề cá nhân khác.•	Hỗ trợ học tập: Hỗ trợ học viên trong việc nắm bắt kiến thức, phát triển kỹ năng học tập, và đối mặt với khó khăn trong quá trình học tập.•	Hỗ trợ xã hội và tâm lý: Hỗ trợ trong việc giải quyết các vấn đề xã hội và tâm lý mà học viên có thể đối mặt, bao gồm áp lực học tập, tình cảm, và tâm lý sức khỏe.•	Quản lý thông tin học viên: Theo dõi và quản lý thông tin cá nhân và học tập của học viên, đảm bảo rằng họ có đủ điều kiện để tham gia vào các hoạt động học tập và xã hội.•	Hướng dẫn về quy trình và quy định: Giúp học viên hiểu và tuân thủ các quy định, quy trình, và chính sách của TTĐT.•	Tổ chức hoạt động ngoại khóa: Tổ chức hoạt động ngoại khóa, sự kiện xã hội, và các chương trình tương tác xã hội để thúc đẩy phát triển xã hội và tinh thần đoàn kết của học viên.•	Liên lạc với phụ huynh: Xây dựng mối quan hệ với phụ huynh, giám hộ, để thúc đẩy sự hợp tác và đảm bảo sự hài lòng của phụ huynh.•	Thúc đẩy phát triển toàn diện: Đảm bảo rằng học viên có môi trường học tập và phát triển toàn diện tốt nhất, bao gồm cả khía cạnh học tập, xã hội, và tâm lý.","Đã có kinh nghiệm tại vị trí tương đương tối thiểu 1 năm.Mong muốn gắn bó và làm việc lâu dàiKỹ năng truyền đạt, khả năng giao tiếp tốt, tự tin trước đám đôngYêu thích môi trường giáo dục","Lương: 15 triệu ~ 23 triệu + ThưởngĐược hưởng đầy đủ mọi quyền lợi theo đúng Luật lao động hiện hành.Được hưởng các chế độ Phúc lợi đặc biệt dành cho cán bộ công nhân viên của Cen Group.Được tham gia du lịch nghỉ mát hàng năm cùng Tập đoàn.Được xét khen thưởng định kì 6 tháng/lần, tăng lương 1 lần/năm.Được tham gia các khóa đào tạo nhằm nâng cao nghiệp vụ.Được trang bị Bảo hiểm Sức khỏe và các chế độ khác mà chỉ Cen Group mới có",thu hồi nợ giúpchuyên viênhcmViệc làm TP.HCMGiáo dục - Đào tạoCen Land - Công Ty ...,"Tầng 4, tòa A, 88 Láng Hạ, Đống Đa, Hà Nội",Trên 300 người
https://vieclam24h.vn/khoa-hoc-ky-thuat/nhan-vien-ky-thuat-thi-cong-dien-dien-nhe-tai-hcm-c34p122id200195969.html,Công Ty Cổ Phần Bằng Hữu Kinh Doanh,Nhân Viên Kỹ Thuật Thi Công Điện - Điện Nhẹ Tại HCM,8 - 15 triệu,TP.HCM,Chuyên viên- nhân viên,6,Toàn thời gian cố định,,Chưa có kinh nghiệm,Khoa học - Kỹ thuật/Vận hành - Bảo trì - Bảo dưỡng/Nghề nghiệp khác,"TP.HCM, 10 đường 79, Phường Tân Quy, Quận 7","Thực hiện các công việc thi công, nghiệm thu các công trình.+ Thực hiện các công việc liên quan đến hoạt động thi công công trình, và các công việc được giao khác.+ Làm các hệ thống về mạng , thiết bị IT cho văn phòng.+Tham gia thi công các công trình Điện động lực, điện nhẹ ( Camera, mạng, kiểm soát ra vào, truyền hình), điện lạnh, điện chiếu sáng, PCCC, điện…..do Công ty đảm nhận.+Ưu tiên ứng viên có kinh nghiệm, tâm huyết với nghề nghiệp, những người đã từng làm qua các công việc về xây lắp hệ thống Điện động lực, điện nhẹ ( Camera, mạng, kiểm soát ra vào, truyền hình), điện lạnh, điện chiếu sáng PCCC, điều hòa thông gió….)","1. Kiến thức- Tốt nghiệp các trường trung cấp, cao đẳng và đại học các chuyên ngành: điện, hệ thống điện, điện công nghiệp... và các chuyên ngành liên quan.1.- Có tuyển những bạn chưa có kinh nghiệm hoặc sinh viên mới ra trường có đào tạo 2. Kỹ năng- Sử dụng thành thạo Tin học Văn phòng (Word, Excel…)- Khả năng giao tiếp tốt, giải quyết vấn đề linh hoạt.- Kỹ năng làm việc nhóm.- Ưu tiên cho các bạn biết Auto CAD, 3D3. Thái độ- Cẩn thận, tỉ mỉ.- Nhanh nhẹn, linh hoạt, nhiệt tình,- Sáng tạo trong công việc- Có khả năng chịu áp lực công việc.- Có tinh thần trách nhiệm trong công việc.4. Khác- Giới tính nam- Có thể làm việc ngoài giờ nếu công việc phát sinh","+ Được hưởng lương tháng 13 và các chế độ theo quy định của luật lao động.+ Được hưởng chế độ thăm hỏi ốm đau, thai sản, hiếu hỉ theo quy định.+ Được nghỉ các ngày lễ lớn trong năm theo quy định của pháp luật.+ Được giam gia BHXH khi kí hợp đồng chính thức.+ Được mua bảo hiểm tai nạn khi làm việc+ Được tham gia bảo hiểm toàn diện về sức khỏe của BH Bảo Việt sau khi làm việc trên 1 năm.+ Công ty có tổ chức đi du lịch hằng năm cho nhân viên+ Có cơ hội đào tạo chuyên sâu.+ Có cơ hội thăng tiến trong công việc+ Lương thỏa thuận theo năng lực và kinh nghiệm, trao đổi cụ thể khi phỏng vấn.Mức lương: 8.000.000-15.000.000 ( tùy năng lực)",nhân viênhcmthi côngViệc làm TP.HCMKhoa học - Kỹ thuậtCông Ty Cổ Phần Bằng ...,"10 đường 79 Phường Tân Quy, Quận 7",10 - 150 người
https://vieclam24h.vn/hanh-chinh-thu-ky/cham-soc-khach-hang-di-lam-ngay-khong-yeu-cau-kn-c1p122id200284197.html,Công Ty Cổ Phần Bất Động Sản Cona Land,Chăm Sóc Khách Hàng (Đi Làm Ngay - Không Yêu Cầu Kn),8 - 10 triệu,TP.HCM,Chuyên viên- nhân viên,20,Toàn thời gian cố định,,Chưa có kinh nghiệm,Hành chính - Thư ký/Chăm sóc khách hàng/Bán hàng - Kinh doanh,"TP.HCM, Số 10 đường số 7, KĐT Vạn Phúc, Phường Hiệp Bình Phước, TP. Thủ Đức, Thủ Đức","·        Hiểu rõ tất cả các nguồn thông tin về sản phẩm/dự án của công ty để tư vấn/giải đáp thắc mắc cho khách hàng.·        Trực tiếp thực hiện việc liên hệ, chăm sóc, giải đáp thông tin về sản phẩm công ty từ các nguồn khách hàng mới và khách hàng cũ.·        Thu nhận và quản lý khiếu nại, các vấn đề cần giải quyết của khách hàng và cung cấp thông tin tới các bộ phận hỗ trợ để xử lý khiếu nại đó.·        Phối hợp làm việc nhóm trong cùng Phòng Kinh doanh để thực hiện công việc kinh doanh nhằm đạt mục tiêu kinh doanh của Phòng.·        Các công việc khác theo yêu cầu của cấp trên","Kiến thức :·                Tin học văn phòng cơ bản.·                Yêu thích công việc giao tiếp, chăm sóc khách hàng và giải quyết các khiếu nại của khách hàngKỹ năng :·                Kỹ năng làm việc độc lập, làm việc nhóm.·                Kỹ năng lắng nghe·                Kỹ năng giao tiếp·                Kỹ năng trình bày, đàm phán, thuyết phục.Các yêu cầu khác ·                Tốt nghiệp phổ thông/trung cấp trở lên.·                Chưa có kinh nghiệm sẽ được đào tạo, có kinh nghiệm là một lợi thế","·        Mức lương: 8.000.000 – 10.000.000 đồng/tháng (thoả thuận theo năng lực).·        Thưởng hiệu quả công việc (KPI).·        Thưởng Tết Nguyên đán, thưởng các ngày lễ lớn trong năm, thưởng sinh nhật.·        Tham gia miễn phí các chương trình đào tạo kỹ năng và kiến thức do Công ty tổ chức để nâng cao hình ảnh bản thân & phục vụ cho công việc.·        Chính sách phúc lợi Công ty đa dạng và hướng về NLĐ: môi trường làm việc tích cực, chế độ teambuilding du lịch hàng năm, các hoạt động sự kiện văn hóa được tổ chức hàng tháng nhằm khích lệ tinh thần, tạo sân chơi cho nhân viên.",làm ngaychăm sóc kháchkhách hàngViệc làm TP.HCMHành chính - Thư kýCông Ty Cổ Phần Bất ...," số 10, đường 7, KĐT Vạn Phúc, Phường Hiệp Bình Phước, TP. Thủ Đức",10 - 150 người
https://vieclam24h.vn/hanh-chinh-thu-ky/tro-ly-kinh-doanh-sales-admin-luong-up-10-trieu-thang-c1p122id200284213.html,Công Ty Cổ Phần Bất Động Sản Cona Land,Trợ Lý Kinh Doanh (Sales Admin) - Lương Up 10 Triệu / Tháng,8 - 10 triệu,TP.HCM,Chuyên viên- nhân viên,2,Toàn thời gian cố định,,Chưa có kinh nghiệm,Hành chính - Thư ký/Chăm sóc khách hàng/Bán hàng - Kinh doanh,"TP.HCM, Số 10 đường số 7, KĐT Vạn Phúc, Phường Hiệp Bình Phước, TP. Thủ Đức, Thủ Đức","·        Hiểu tất cả các nguồn thông tin về sản phẩm/dự án của công ty để thực hiện công việc hỗ trợ kinh doanh.·        Phối hợp làm việc nhóm trong Phòng Kinh doanh để thực hiện công việc tìm kiếm và tư vấn thông tin sản phẩm công ty cho khách hàng.·        Phối hợp thực hiện việc quản lý, chăm sóc, hỗ trợ thông tin cho nhóm khách hàng tiềm năng của công ty. ·        Tham gia vào các sự kiện bán hàng, sự kiện quảng bá hình ảnh, dự án, sản phẩm và các sự kiện truyền thông khác của công ty.·        Thực hiện các công việc khác phát sinh nhằm hỗ trợ nhóm kinh doanh hoàn thành mục tiêu kinh doanh chung của phòng: xử lý hồ sơ dự án, viết bài, đăng bài trên fanpage.·        Thực hiện các công việc khác theo yêu cầu của cấp trên. "," Kiến thức :·                Tin học văn phòng cơ bản.·                Có kiến thức về quản trị kinh doanh, marketing sản phẩm/dự án công ty.Kỹ năng :·                Kỹ năng làm việc độc lập.·                Kỹ năng lắng nghe·                Kỹ năng giao tiếp·                Kỹ năng trình bày, đàm phán, thuyết phục. ","·        Mức lương : 8.000.000 – 10.000.000 đồng/tháng (thoả thuận theo năng lực).·        Thưởng hiệu quả công việc (KPI).·        Thưởng Tết Nguyên đán, thưởng các ngày lễ lớn trong năm, thưởng sinh nhật.·        Tham gia miễn phí các chương trình đào tạo kỹ năng và kiến thức do Công ty tổ chức để nâng cao hình ảnh bản thân & phục vụ cho công việc.·        Chính sách phúc lợi Công ty đa dạng và hướng về NLĐ : môi trường làm việc tích cực, chế độ teambuilding du lịch hàng năm, các hoạt động sự kiện văn hóa được tổ chức hàng tháng nhằm khích lệ tinh thần, tạo sân chơi cho nhân viên.",lươngadminsalesViệc làm TP.HCMHành chính - Thư kýCông Ty Cổ Phần Bất ...," số 10, đường 7, KĐT Vạn Phúc, Phường Hiệp Bình Phước, TP. Thủ Đức",10 - 150 người
https://vieclam24h.vn/tai-chinh-dau-tu-chung-khoan/giam-doc-tai-chinh-c18p122id200284192.html,Công Ty Cổ Phần Tập Đoàn Quang Phúc,Giám Đốc Tài Chính,15 - 30 triệu,TP.HCM,Quản lý cấp cao,2,Toàn thời gian cố định,Đại học,3 năm,Tài chính - Đầu tư - Chứng Khoán/Kế toán/Xây dựng,"TP.HCM, Số 12, Đường số 7, KĐT Vạn Phúc, Thủ Đức","1.	Là người đứng đầu và chịu trách nhiệm về bộ máy Tài chính- Kế toán trước CT.HĐQT/TGĐ. Giám sát và chỉ đạo KTT điều hành phòng TCKT thực hiện công tác kế toán, thống kê, của doanh nghiệp theo Luật định và Điều lệ, Quy chế, Quy định của Công ty.2.	Điều hành, quản lý hoạt động của bộ phận TCKT.3.	Xây dựng kế hoạch tài chính ngắn hạn dài hạn của Công ty, giám sát và tổ chức thực hiện kế hoạch tuần/tháng/quý/năm để báo cáo TGĐ/CT HĐQT. 4.	Lập kế hoạch tài chính, triển khai và theo dõi các hoạt động tài chính, kiểm soát ngân quỹ.5.	Tiến hành phân tích tình hình tài chính của Công ty nhằm nhận diện những điểm mạnh và điểm yếu của Công ty cho CT.HĐQT.6.	Hoạch định chiến lược tài chính của Công ty.7.	Xây dựng Chính sách phân chia lợi nhuận hợp lý.8.	Quan hệ với các đối tác Ngân hàng, tổ chức Tín dụng, cơ quan ban ngành liên quan….9.	Quan hệ và làm việc với kế toán Chủ đầu tư và Kho bạc nhà nước để thanh toán nguồn vốn thi công.10. Giám sát, Kiểm tra các chứng từ, số liệu kế toán đầu vào đầu ra. Giám sát việc thực hiện các Quy trình & biểu mẫu kế toán, sổ sách kế toán thực hiện theo Mẫu quy định.11. Ký đối chiếu các khoản công nợ được Ủy quyền.12. Đảm bảo các loại tài sản của Công ty được kiểm soát và sử dụng một cách hợp lý và sinh lợi.13. Xem xét, đánh giá, kiểm tra và phân tích dự báo hoạt động tài chính của các hợp đồng, dự án.14. Đánh giá Lãi Lỗ từng Công trình, Dự án.15. Lên kế hoạch tài chính & kế hoạch sử dụng vốn của Tuần/ Tháng/ Quý/ Năm.16. Phối hợp chặt chẽ cùng với các thành viên Ban Giám Đốc Công Ty tháo gỡ các vướng mắc trong hoạt động SXKD của Công Ty.17. Phối hợp với Pháp chế, xử lý công nợ khách hàng, nhà cung cấp & cổ đông của Công ty.18. Xem xét đề xuất của Kế toán trưởng về việc đánh giá năng lực làm việc, chế độ khen thưởng / xử phạt của Nhân viên phòng TCKT, ý kiến lên Chủ tịch HĐQT xem xét, phê duyệt theo định kỳ hàng tháng, qúy, năm theo quy định của Công ty.","Độ tuổi: 30-40 tuổi.Có kinh nghiệm làm trong ngành xây dựng cầu đường.Tốt nghiệp Đại học chuyên ngành Kế toán/ Tài chính/ Kiểm toán hoặc các chuyên ngành khác tương đương.Am hiểu chuyên sâu quy định thuế đối với doanh nghiệp, hệ thống pháp luật trong kinh doanh, thị trường tài chính.Có khả năng lập kế hoạch, phân tích, tổng hợp, dự báo đánh giá thị trường.Có kỹ năng lãnh đạo, quản lý và điều hành.Kỹ năng đàm phán, thuyết phục và ngoại giao tốt.","Lương thảo thuận theo nặng lựcĐược hưởng đầy đủ các chế độ theo quy định nhà nước ( BHXH, BHYT,...)Thưởng lễ tết, tăng lương theo quy định",clập trình unityvisual merchandisingViệc làm TP.HCMTài chính - Đầu tư - Chứng KhoánCông Ty Cổ Phần Tập ...,"Số 12, Đường số 7, KĐT Vạn Phúc, Hiệp Bình Phước, Thủ Đức, Thành phố Hồ Chí Minh",10 - 150 người
https://vieclam24h.vn/hanh-chinh-thu-ky/nhan-vien-le-tan-tp-hcm-c1p122id200284183.html,Công Ty TNHH CBRE (Việt Nam),Nhân Viên Lễ Tân - Tp. HCM,10 - 11 triệu,TP.HCM,Chuyên viên- nhân viên,20,Toàn thời gian cố định,Trung cấp,1 năm,Hành chính - Thư ký/Chăm sóc khách hàng/Bất động sản,"TP.HCM, Tầng 13, Toà nhà AB Tower, 76A, Lê Lai, Phường Phạm Ngũ Lão, Quận 1","Giải quyết các thắc mắc, khiếu nại của Cư dân / khách thuê / khách hàng và Báo cáo đến Trưởng nhóm.Thực hiện các nhiệm vụ hành chính và văn thư cho nhân viên được giao bao gồm hỗ trợ qua điện thoại, phân phối thư tín, báo cáo chi phí, lên lịch, điều phối cuộc họp, v.v.Cập nhật và duy trì tất cả các sổ sách ghi chép, cùng với hồ sơ Cư dân / khách thuê / khách hàng và chia sẻ trong nội bộ Ban Quản lý tòa nhà.Hỗ trợ theo dõi chi phí toà nhà, chi phí cho vật tư và dịch vụ, báo cáo quản lý hàng tháng và hàng quý.Theo dõi các thông tin về hợp đồng và giấy chứng nhận bảo hiểm. Duy trì hệ thống theo dõi khi hết hạnQuản lý lịch trình và điều phối các cuộc họp / sự kiện đặc biệt theo yêu cầu.","Ngoại hình ưa nhìn, chiều cao từ 1m6.Giao tiếp Tiếng Anh khá.Có khả năng giao tiếp tốt (có thể hiểu và giải thích các hướng dẫn, thư từ ngắn, ghi nhớ,...)Có khả năng giải quyết vấn đề trong các tình huống của khách hàng.Có khả năng viết báo cáo thường xuyên và thư từ.Kỹ năng cơ bản về Microsoft Office Suite.","Môi trường làm việc chuyên nghiệpĐược tham gia đào tạo nội bộChế độ BHYT, BHXH theo luật. Ngoài ra, còn có gói BH tai nan cho nhân viên và trợ cấp tiền ănThưởng lễ tết theo quy định.",hcm lễ tânnhân viên lễ tân tại hà nộiViệc làm TP.HCMHành chính - Thư kýCông Ty TNHH CBRE (Việt ...,"Tầng 13, Toà nhà AB Tower, 76A, Lê Lai, Phường Phạm Ngũ Lão, Quận 1, TPHCM, Việt Nam",150 - 300 người
https://vieclam24h.vn/marketing/nhan-vien-marketing-excutive-luong-tu-15-20-trieu-c12p121id200284058.html,Công Ty Tnhh Kim Cương Xanh Bà Rịa,Nhân Viên Marketing Excutive (Lương Từ 15 - 20 Triệu),15 - 20 triệu,Bà Rịa - Vũng Tàu,Chuyên viên- nhân viên,2,Toàn thời gian cố định,Cao đẳng,2 năm,Marketing/Hành chính - Thư ký,"Bà Rịa - Vũng Tàu, 398 Cách mạng tháng 8 Phước Trung, Bà Rịa - Vũng Tàu, Bà Rịa","1. Nội dung Marketing (Branding & Social)• Xây dựng Content Plan (chủ đề, hướng đi cho brief design, moodboard, nội dung chi tiết).• Cùng team lên ý tưởng và thực hiện các chiến dịch truyền thông, định vị thương hiệu• Lường trước những xu hướng kinh doanh để triển khai các hoạt động Digital Marketing• Chịu trách nhiệm phát triển các kênh Facebook Fanpage, Instagram, Tik Tok (F&B)2. Trade Marketing (Offline)• Nghiên cứu, nắm bắt các xu hướng thị trường trong ngành F&B để xây dựng kế hoạch Marketing (Kế hoạch, mục tiêu, chi phí ước tính, timeline)• Triển khai các chương trình Marketing sau khi được thông qua kế hoạch đề xuất• Báo cáo kết quả, rút kinh nghiệm để cải thiện cho các chương trình sau• Lên kế hoạch thực hiện các công việc Marketing offline chuẩn bị cho khai trương điểm kinh doanh mới (nếu có)","• Có tối thiểu 2 năm kinh nghiệm marketing, ưu tiên ứng viên từng làm trong lĩnh vực F&B• Tốt nghiệp Cao đẳng trở lên chuyên ngành QTKD, Quản trị Marketing, Truyền thông báo chí• Thành thạo tin học văn phòng• Ưu tiên các ứng viên có kiến thức và kĩ năng chụp ảnh","• Mức lương: thoả thuận ( 15 - 20 triệu).• Môi trường làm việc năng động, hiệu quả.• Chế độ BH, nghỉ phép theo quy định nhà nước• Thời gian làm việc: T2-T7: 8 AM-5 PM (nghỉ giữa giờ).",lươngthị xã bà rịathành phố vũng tàuViệc làm Bà Rịa - Vũng TàuMarketingCông Ty Tnhh Kim Cương ...,"398 Cách Mạng Tháng 8, Phường Phước Trung, Thành phố Bà Rịa, Tỉnh Bà Rịa - Vũng Tàu",10 - 150 người
https://vieclam24h.vn/nhan-su/pho-phong-nhan-su-c22p73id200284138.html,Chi Nhánh Số 1 – Công Ty Tnhh Khuất Bình,Phó Phòng Nhân Sự,12 - 15 triệu,Hà Nội,Quản lý cấp trung,2,Toàn thời gian cố định,Cao đẳng,2 năm,Nhân sự/Bán hàng - Kinh doanh/Bảo hiểm,"Hà Nội, 339 Cao Lỗ - Uy Nỗ , Đông AnhHà Nội, Xóm 1, Ngọc Chi, Vĩnh Ngọc, Đông Anh","Quản lý điều hành và chịu trách nhiệm về mảng hoạt động của Phòng HCNS.Xây dựng và phát triển nguồn nhân lực mới cho công ty .Thiết lập và triển khai kế hoạch tuyển theo tháng - quý nhằm cải thiện, phát triển nguồn năng lực nguồn nhân sự.Xây dựng các chính sách, quy chế, quy trình liên quan đến nhân lực, đãi ngộ, lương thưởng, …Tham dự đầy đủ các cuộc họp và các khóa huấn luyện của Công ty.","Độ tuổi: 24-45.Trình độ học vấn: Tốt nghiệp từ Cao đẳng trở lên.Kỹ năng giao tiếp tốt, đam mê kinh doanh, có nhiệt huyết và cam kết lâu dài.Yêu cầu có kinh nghiệm làm quản lý tại các doanh nghiệp.","Thu nhập bình quân: 12-15 triệu / tháng.Môi trường làm việc trẻ trung năng động, chuyên nghiệp, cơ hội thăng tiến.Chế độ các ngày Lễ tết, sinh nhật, thưởng lương tháng 13, thưởng hiệu quả cuối năm.Các chế độ đãi ngộ khác.Công việc và các chế độ chính sách sẽ được trao đổi cụ thể khi phỏng vấn.",phó phònglập trình unityvisual merchandisingViệc làm Hà NộiNhân sựChi Nhánh Số 1 – ...,"Số nhà 339, đường Cao Lỗ, Xã Uy Nỗ, Huyện Đông Anh, Thành phố Hà Nội, Việt Nam",10 - 150 người
https://vieclam24h.vn/xay-dung/can-bo-ky-thuat-giam-sat-hien-truong-du-an-thu-nhap-15-den-22-trieu-c31p73id200283919.html,Công ty CP đá Granite & Marble Tự Nhiên Thiên Sơn,Cán Bộ Kỹ Thuật - Giám Sát Hiện Trường Dự Án (Thu Nhập 15 Đến 22 Triệu),15 - 22 triệu,Hà Nội,Chuyên viên- nhân viên,3,Toàn thời gian cố định,Cao đẳng,3 năm,Xây dựng/Khoa học - Kỹ thuật/Kiến trúc - Thiết kế nội ngoại thất,"Hà Nội, KĐT Nam Trung Yên - Cầu Giấy - Hà Nội, Cầu Giấy","- Quản lý công trình tại các dự án thi công ốp lát hoàn thiện đá tại Hà Nội và các tỉnh thành.- Tham gia Triển khai Hồ sơ kĩ thuật, bản vẽ, lên kế hoạch dự trù vật tư, nhân công và chỉ đạo kỹ thuật tổng thể các dự án.","- Tuổi tuyển dụng: 24 - 35 tuổi. Trình độ Cao Đẳng Xây Dựng, Đại học XD trở lên- 3 năm trở lên trong lĩnh vực xây dựng- Ưu tiên các ứng viên từng làm việc tại các công ty đối tác của tập đoàn VinGroup và có kinh nghiệm làm việc trong các dự án của Vincom / Vinhomes.- Có nhu cầu làm việc phát triển lâu dài tại Công ty - Ưu tiên các ứng viên có thể đi làm được ngay sau phỏng ","- Thử việc: 14.000.000 – 20.000.000 đồng / tháng.- Chính thức: 15 000 000 - 22.000.000 đồng / tháng trở lên- Chế độ khác: Được hưởng đầy đủ các chế độ bảo hiểm, du lịch, thưởng... theo đúng quy định của nhà nước và thông lệ của công ty.Địa điểm làm việc: Công trình tại Hà Nội và các tỉnh thành miền Bắc.",nhậphiện trườnggiám sát hiện trườngViệc làm Hà NộiXây dựngCông ty CP đá Granite ...,"Số 85 D6, Khu ĐTM Đại Kim, P.Đại Kim, Q.Hoàng Mai, TP. Hà Nội",150 - 300 người
https://vieclam24h.vn/ke-toan/nhan-vien-ke-toan-tong-hop-c17p122id200284034.html,Công Ty TNHH Thương Mại Dịch Vụ Green Leaf Việt Nam,Nhân Viên Kế Toán Tổng Hợp,12 - 15 triệu,TP.HCM,Chuyên viên- nhân viên,1,Toàn thời gian cố định,Cao đẳng,2 năm,Kế toán/Kiểm toán/Vận Tải - Lái xe - Giao nhận,"TP.HCM, 104-106 Trần Lựu, Phường An Phú, Thủ Đức","- Nắm vững các thông tư, luật liên quan đến kế toán- Kiểm soát nội bộ cũng như thực hiện các công việc mà cấp trên yêu cầu- Báo cáo tổng hợp, BCTC hoặc các báo cáo theo yêu cầu. - Chấp nhận đi công tác giải quyết các công việc liên quan ở các chi nhánh của công ty. - Có khả năng làm việc độc lập, liên hệ ngân hàng, hoặc các cơ quan ban ngành liên quan đến hoạt động kinh doanh của công ty. Thời gian làm việc:  - T2-T6 (08:00-17:30) nghỉ trưa 1g30p.  - T7 làm việc tại nhà hoặc theo chỉ đạo của cấp trên (09:00-16:00, nghỉ trưa 1g30p tại văn phòng)","- Có bằng cấp hoặc chứng chỉ liên quan đến kế toán, - Kinh nghiệm trên 2 năm vị trí Kế toán Tổng hợp/ hoặc Kiểm toán. - Ngoại ngữ: tiếng Anh - Chấp nhận đi công tác. - Ưu tiên Nam","- Lương trao đổi khi phỏng vấn.  - Môi trường làm việc thoải mái, linh hoạt.  - Du lịch 1 lần/ năm, Tiệc công ty, ... - Tham gia BHXH đầy đủ  - Lương Tháng 13 ",kế toántoán kế toán tổng hợpViệc làm TP.HCMKế toánCông Ty TNHH Thương Mại ...,"104-106 Trần Lựu, Phường An Phú, Quận Thủ Đức, Thành phố Hồ Chí Minh, Việt Nam",Trên 300 người
https://vieclam24h.vn/hanh-chinh-thu-ky/nhan-vien-ho-so-thau-nu-kinh-nghiem-tu-1-nam-c1p122id200284066.html,Công Ty TNHH Đầu Tư TM DV An Lộc,Nhân Viên Hồ Sơ Thầu (Nữ - Kinh Nghiệm Từ 1 Năm),10 - 12 triệu,TP.HCM,Chuyên viên- nhân viên,2,Toàn thời gian cố định,Cao đẳng,1 năm,Hành chính - Thư ký/Nhân sự/Bán hàng - Kinh doanh,"TP.HCM, Số 9, Đường 20, Gò Vấp","- Tìm hiểu các gói thầu trên Hệ thống mạng đấu thầu Quốc gia.- Nghiên cứu, phân tích thông tin để dự toán giá thầu.- Lập hồ sơ dự thầu;- Tham gia và soạn thương thảo hợp đồng,- Làm bảo lãnh dự","- Kỹ năng chuyên môn hoặc kỹ năng mềm cần thiết với công việc mà ứng viên cần quan tâm- Giới tính nữ- Kinh nghiệm: tối thiểu 1 năm làm hồ sơ thầu, ưu tiên bằng tài nguyên môi trường- Kỹ năng tin học văn phòng, sử dụng thành thạo phần mềm quản lý,- Kỹ năng quản lý và phân công công việc.- Kỹ năng làm việc nhóm.- Kỹ năng giao tiếp, phân tích tốt- Năng động, chuyên nghiệp","- Hưởng đầy đủ quyền lợi: BHYT, BHTN, BHXH theo quy định của Nhà nước- Thưởng lễ, tết theo quy định công ty.- Môi trường làm việc chuyên nghiệp và thân thiện.- Được đào tạo nâng cao về chuyên môn, nghiệp vụ.- Được hưởng các quyền lợi khác theo quy chế của Công ty.",thầu1 nămhồ sơ thầuViệc làm TP.HCMHành chính - Thư kýCông Ty TNHH Đầu Tư ...,9 Đường 20 P5 Q. Gò Vấp,Trên 300 người
https://vieclam24h.vn/hanh-chinh-thu-ky/nhan-vien-hanh-chinh-tong-hop-c1p73id200284037.html,Công Ty TNHH Thiết Bị Và Công Nghệ Bằng Việt,Nhân Viên Hành Chính Tổng Hợp,8 - 10 triệu,Hà Nội,Chuyên viên- nhân viên,2,Toàn thời gian cố định,Cao đẳng,1 năm,Hành chính - Thư ký/Nhân sự,"Hà Nội, NV1.2- lô 27 Ngõ 885 Tam Trinh, Yên Sở, Hoàng Mai","- Công việc hành chính: quản lý, mua sắm tài sản, trang thiết bị, công cụ dụng cụ văn phòng; thanh toán chi phí Văn phòng như điện, nước, mạng,..- Công việc nhân sự: theo dõi chấm công, quản lý con dấu, sắp xếp phòng họp, soạn thảo công văn, hợp đồng,..- Công việc tuyển dụng: đăng tin tuyển dụng, sắp xếp lịch phỏng vấn, tổng hợp kết quả, báo cáo kết quả, hỗ trợ training nhân viên mới,..- Các công việc khác theo chỉ đạo của cấp trên.","- Tốt nghiệp Cao đẳng trở lên chuyên ngành liên quan- Kỹ năng giao tiếp tốt, thành thạo tin học văn phòng.- Biết sắp xếp và xử lý công việc chủ động, khoa học, nhanh nhẹn, nhiệt tình chịu khó học hỏi, cẩn thận, trung thực.- Kỹ năng sắp xếp, lưu trữ, tổ chức các hoạt động, giải quyết tình huống.","- Lương 8 - 10 triệu/ tháng + BHXH + Doanh số khách hàng- Phúc lợi: Đóng BHXH, BHYT, BHTN, các chế độ đãi ngộ khác theo quy định của Công ty.- Cung cấp đầy đủ trang thiết bị cho công việc.- Tham gia đầy đủ các chính sách theo Quy định của Công ty.- Tham quan nghỉ mát theo chế độ đãi ngộ.",tổng hợpquận hoàng maihành chính tổng hợpViệc làm Hà NộiHành chính - Thư kýCông Ty TNHH Thiết Bị ...,"NV1.2- lô 27 Ngõ 885 Tam Trinh, Yên Sở, Hoàng Mai, Hà Nội, Việt Nam",Dưới 10 người
https://vieclam24h.vn/ban-si-ban-le-quan-ly-cua-hang/nabati-nhan-vien-ban-hang-thi-truong-khu-vuc-can-tho-vinh-long-c6p127id200284023.html,Công Ty TNHH Nabati Việt Nam,"Nabati - Nhân Viên Bán Hàng Thị Trường - Khu Vực Cần Thơ, Vĩnh Long",9 - 13 triệu,"Vĩnh Long,",Chuyên viên- nhân viên,3,Toàn thời gian cố định,Trung học,Dưới 1 năm,Bán sỉ - Bán lẻ - Quản lý cửa hàng/Bán hàng - Kinh doanh/Nghề nghiệp khác,"Vĩnh Long, Các cửa hàng tạp hóa trong khu vực phụ trách, Vĩnh LongCần Thơ, Các cửa hàng tạp hóa trong khu vực phụ trách, Ninh Kiều",Thực hiện công tác tiếp thị sản phẩm tại các cửa hiệu thuộc tuyến bán hàng được phân công (chăm sóc và lên đơn hàng).Cập nhật lại MCP/ danh sách cửa hiệu để chuẩn hóa tuyển bán hàng.Giới thiệu chương trình Khuyến mãi cho khách hàng & trưng bày sản phẩm.Chịu trách nhiệm doanh số theo địa bàn phân công.Địa điểm làm việc NPP khu vực Vĩnh Long: 2 bạnNPP khu vực Cần Thơ: 1 bạn,"Có xe máy riêng. Tự túc về phương tiện đi lạiNhanh nhẹn, chăm chỉ, , nhiệt tình, sức khỏe tốt, có thể đi thị trườngTốt nghiệp THCS trở lên, Nam/nữ tuổi từ 18 - 45t.Không yêu cầu kinh nghiệm","Lương cơ bản: từ 5.000.000 VNĐ / tháng + thưởng kinh doanh. Thu nhập trung bình từ 11.000.000 VNĐ / tháng;Tham gia đầy đủ các chính sách bảo hiểm theo quy định (BHXH, BHYT, BHTN), nghỉ phép năm, thưởng Lễ, Tết, sinh nhật, thành tích, sáng kiến, thi đua;Chương trình ngoại khóa, team-building, bảo hiểm sức khỏe, …;Được các cấp quản lý huấn luyện và hướng dẫn thêm những kỹ năng cần thiết để có thể hoàn thiện khả năng quản lý con người/ quản lý đội ngũ sale;Cơ hội thăng tiến lên vị trí cao hơn theo lộ trình phát triển nguồn nhân lực kế thừa;",bán hàngkhu vựcbán hàng thị trườngViệc làm Vĩnh LongBán sỉ - Bán lẻ - Quản lý cửa hàngCông Ty TNHH Nabati Việt ...,"Công ty Nabati  Lầu 2, Tòa nhà Phượng Long  Số 16, Đường Nguyễn Trường Tộ, Phường 13, Quận 4, Thành phố Hồ Chí Minh, Việt Nam",Trên 300 người
https://vieclam24h.vn/ke-toan/ke-toan-truong-c17p122id200273948.html,Công Ty TNHH Xây Dựng Huy Thước,Kế Toán Trưởng,15 - 20 triệu,TP.HCM,Quản lý nhóm- giám sát,1,Toàn thời gian cố định,Đại học,5 năm,Kế toán/Tài chính - Đầu tư - Chứng Khoán/Kiểm toán,"TP.HCM, 168/39 Nguyễn Gia Trí, phường 25, Quận Bình Thạnh, Bình Thạnh","-        Chịu trách nhiệm chỉ đạo toàn bộ công tác kế toán của Công ty theo yêu cầu của từng giai đoạn, phù hợp với chủ trương, chiến lược phát triển chung của Công ty.-       Tổ chức thực hiện nghiệp vụ hạch toán kế toán đúng quy định pháp luật, chuẩn mực kế toán.-        Lập kế hoạch tài chính, kiểm tra, phân tích tình hình thực hiện kế hoạch tài chính và báo cáo BGĐ.-        Hướng dẫn, giám sát, kiểm duyệt cuối cùng mọi công tác liên quan đến công việc, phần hành kế toán.-        Lập báo cáo tài chính theo tháng, quý và năm-        Tổng hợp mọi chỉ tiêu tài chính, kiểm tra số liệu, chứng từ của tháng/quý trước khi lập báo cáo.-        Lập các báo cáo tài chính, báo cáo quản trị trình BLĐ Công ty, đảm bảo luôn cung cấp đầy đủ thông tin chính xác kịp thời cho BLĐ nhằm phục vụ nhu cầu ra quyết định.-        Lập các BC về các sắc thuế theo đặc thù, tối đa hóa số tiền thuế phải nộp một cách hiệu quả nhất có thể.-        Kiếm tra, phát hiện và bác cáo kịp thời các trường hợp làm sai nguyên tắc quản lý tài chính kế toán.-        Làm việc với các ngành chức năng: Thuế, kiểm toán, ngân hàng, Sở KH&ĐT…-        Thường xuyên cập nhật các thay đổi về luật liên quan.-        Thực hiện các nhiệm vụ khác theo phân công của cấp trên.","-        Tốt nghiệp đại học trở lên chuyên ngành Tài chính - Kế toán...-        Kinh nghiệm tối thiểu 5 năm tại vị trí tương đương.-        Am hiểu pháp luật tài chính, kế toán, các chuẩn mực kế toán kiểm toán;-        Thành thạo vi tính văn phòng và các phần mềm kế toán.-        Có khả năng tổ chức và kiểm soát công việc, khả năng lãnh đạo, kỹ năng giao tiếp thuyết trình, giải quyết vấn đề.-        Có khả năng làm việc dưới áp lực cao, nhiệt huyết và gắn bó với công việc.-        Đã có kinh nghiệm trong lĩnh vực xây dựng là một lợi thế.","-        Tùy theo năng lực và trao đổi kỹ khi phỏng vấn-        Lương thỏa thuận tùy theo năng lực ứng viên-        Chế độ nghỉ phép 12 ngày / năm, nghỉ lễ, tết theo quy định của luật lao động-        Thưởng tháng lương 13, thưởng các ngày lễ tết & các chế độ đãi ngộ theo chính sách chung của công ty.-        Được hưởng các chế độ phúc lợi của công ty như : sinh nhật, ốm đau, thai sản, hiếu, hỉ...",kế toántoánthiết kế game di độngViệc làm TP.HCMKế toánCông Ty TNHH Xây Dựng ...,"168/39 Nguyễn Gia Trí ( đường D2 cũ), phường 25, quận Bình Thạnh, tp. HCM",10 - 150 người
https://vieclam24h.vn/ke-toan/nhan-vien-ke-toan-quan-10-di-lam-ngay-c17p122id200283019.html,Công Ty TNHH Thương Mại Dịch Vụ Sg Law,Nhân Viên Kế Toán Quận 10 - Đi Làm Ngay,8 - 15 triệu,TP.HCM,Chuyên viên- nhân viên,3,Toàn thời gian cố định,Đại học,1 năm,Kế toán/Kiểm toán/Hành chính - Thư ký,"TP.HCM, 618 Đường 3/2, Phường 14, Quận 10TP.HCM, Quận 5TP.HCM, Quận 3","Theo dõi và quản lý công nợ toàn Công ty.Xác định, đề xuất lập dự phòng và xử lý những trường hợp công nợ phải thu khó đòi toàn Công ty.Kiểm tra, đối chiếu số liệu các phòng ban, bộ phận, các định khoản phát sinh và cân đối số liệu kế toán chi tiết và tổng hợp.Hạch toán các nghiệp vụ kế toán, lập quyết toán.Lập các báo cáo tài chính định kỳ theo quý, 06 tháng, năm và các báo cáo giải trình chi tiết.Giải trình các số liệu báo cáo và cung cấp hồ sơ, số liệu cho cơ quan thuế, kiểm toán, thanh tra kiểm tra theo yêu cầu.Thống kê và tổng hợp số liệu kế toán.Tập hợp, lưu trữ, bảo quản chứng từ, bảo mật số liệu kế toán.Chi tiết công việc sẽ được trao đổi cụ thể hơn trong buổi phỏng vấn!","Trình độ:Tốt nghiệp Đại học chuyên ngành Kế toán – Tài chínhCó 1-3 năm kinh nghiệm làm việc ở vị trí tương đươngKhả năng phân tích, tổng hợp và viết báo cáoSử dụng thành thạo các phần mềm kế toán, tin học văn phòngNắm vững các nghiệp vụ kế toánCẩn thận, trung thực, có trách nhiệm","Lương thỏa thuận theo năng lựcHưởng đầy đủ chế độ phúc lợi theo quy định Công ty như: BHXH, BHYT, BHTN, thưởng lễ, tết, lương tháng thứ 13, sinhnhật, hiếu; hỉ, du lịch hàng năm…Môi trường làm việc chuyên nghiệp, trẻ trung, đồng nghiệp vui vẻ, thân thiệnĐược đào tạo, hướng dẫn để nhanh chóng nắm bắt công việc",kế toánkế toán quận 10toánViệc làm TP.HCMKế toánCông Ty TNHH Thương Mại ...,"618 Đường 3/2, Phường 14, Quận 10, Thành phố Hồ Chí Minh, Việt Nam",10 - 150 người
https://vieclam24h.vn/ban-hang-kinh-doanh/tap-su-dai-dien-ban-hang-kenh-gt-c13p73id200283987.html,Công Ty Cổ Phần Mondelez Kinh Đô Việt Nam,"Tập Sự Đại Diện Bán Hàng, Kênh GT",10 - 15 triệu,"Hà Nội,",Chuyên viên- nhân viên,20,Toàn thời gian cố định,,Chưa có kinh nghiệm,Bán hàng - Kinh doanh/Lao động phổ thông/Bán sỉ - Bán lẻ - Quản lý cửa hàng,"Hà Nội, Khu vực Hà Nội, Thanh XuânHải Phòng, Tuyến An Dương - Thủy Nguyên, Tuyến Đồ Sơn - Kiến An - Vĩnh Bảo, Hồng BàngQuảng Bình, Tuyến Đồng Hới, Đồng HớiNinh Bình, Tuyến Gia Viễn, Yên Mô, Yên Khánh, Tam Điệp, Tam ĐiệpThanh Hóa, Tuyến Tĩnh Gia, Quảng Xương, Tĩnh Gia","Khu vực:Miền Nam: Hồ Chí Minh, Bình Dương, Long An, Đồng NaiMiền Bắc: Hà Nội, Ninh Bình, Hải Phòng, Quảng Bình, Thanh HóaGiai đoạn 1: Đào tạo (2 tuần)- Được đào tạo kỹ năng bán hàng, trưng bày, kiến thức sản phẩm,...- Được thực hành thực tế trên tuyến- Được huấn luyện theo khung chương trình chuẩn bởi Giám sátGiai đoạn 2: Tập sự- Trưng bày điểm bán key. KPI: tối thiểu 5 điểm bán/ngày- Kiểm tra và chụp ảnh xác thực danh sách khách hàng theo tuyến bán hàng- Kiểm tra bao phủ sản phẩm tại điểm bánLưu ý: Ngay khi kết thúc Đào tạo và có vị trí trống phát sinh bạn có thể chuyển lên làm nhân viên chính thức. Trường hợp chưa có vị trí trống sẽ được coi là giai đoạn tập sự","- KHÔNG YÊU CẦU KINH NGHIỆM- Tốt nghiệp từ THPT trở lên- Yêu thích công việc bán hàng thị trường, sẵn sàng di chuyển địa bàn trong phạm vi 10km- Có xe máy di chuyển, điện thoại hệ điều hành Android- Có tính kỷ luật, chăm chỉ, trung thực","- Được đào tạo bài bản về kỹ năng bán hàng- Có cơ hội trở thành nhân viên chính thức của Mondelez Kinh Đô sau 2 tuần đào tạo- Giai đoạn 1: Đào tạo & Tập sự: Tổng thu nhập 10 triệu/tháng (Lương cơ bản : 6.5 triệu; phụ cấp 1.5 triệu; thưởng KPI 2 triệu), Ký HĐLĐ qua Nhà phân phối- Giai đoạn 2: Nhân viên chính thức: Tổng thu nhập 12 - 15 triệu/tháng (Lương cơ bản : 6.5 - 7.5 triệu; phụ cấp 1.5 triệu; thưởng KPI theo tháng, mùa vụ Tết, Trung thu, thưởng năm), Lương tháng 13 & tăng lương định kỳ năm, Ký HĐLĐ với Công ty, Bảo hiểm & Khám sức khỏe đầy đủ, Teambuilding,...",bán hàngkênh gtnhân viên bán hàng tại đà nẵngViệc làm Hà NộiBán hàng - Kinh doanhCông Ty Cổ Phần Mondelez ...,"138 – 142 Hai Ba Trung St., Dakao Ward, Dist. 1, HCMC, Vietnam",Trên 300 người
https://vieclam24h.vn/ban-hang-kinh-doanh/truong-nhom-kinh-doanh-teamleader-c13p122id200283984.html,Công Ty TNHH Zava Việt Nam,Trưởng Nhóm Kinh Doanh (Teamleader),15 - 65 triệu,TP.HCM,Quản lý nhóm- giám sát,5,Toàn thời gian cố định,Đại học,3 năm,Bán hàng - Kinh doanh/Y tế - Chăm sóc sức khỏe/Chăm sóc khách hàng,"TP.HCM, 603 Điện Biên Phủ , P.25 , Bình Thạnh","- Quản lý nhóm Team Leader để đạt mục tiêu tăng trưởng và doanh thu đề ra trong từng giai đoạn- Thiết kế và triển khai kế hoạch kinh doanh chiến lược, mở rộng cơ sở dữ liệu khách hàng của công ty và cải thiện độ nhận diện thương hiệu- Tham gia và quá trình tuyển dụng, thiết lập mục tiêu, đào tạo và theo dõi hiệu quả làm việc của nhân viên- Lên kế hoạch và chủ trì các cuộc họp hàng tuần về kế hoạch kinh doanh- Giải quyết vấn đề và các khiếu nại từ phía khách hàng liên quan đến bán hàng và dịch vụ- Kết nối thông tin công ty với khách hàng và nhân viên kinh doanh trong văn phòng và khu vực hổ trợ- Giải quyết những vấn đề mâu thuẩn phát sinh giữa nhân viên trong văn phòng với nhau hoặc những vấn đề phát sinh từ các phòng ban đến với phòng kinh doanh (Nếu có)- Làm việc và thấu hiểu nhu cầu cũng như thị hiếu khách hàng để xây dựng và phát triển mối quan hệ lâu dài với khách hàng- Theo dõi số liệu của nhân viên và báo cáo với Bộ Phận Giám Đốc- Trình bày báo cáo bán hàng, doanh thu và chi phí; Đưa ra dự báo thực tế cho những trường hợp hổ trợ phòng kinh doanh và báo cáo cho bộ phận quản lý liên quan- Phân tích kết quả kinh doanh và xây dựng kế hoạch để cải thiện hiệu suất nhầm nâng cao hiệu quả kinh doanh- Nhận diện thị trường mới nổi và sự thay đổi của thị trường đồng thời nhận thức toàn diện về sản phẩm mới và tình hình cạnh tranh hiện tại. Đưa ra ý kiến phối hợp với các bộ phận liên quan để xây dựng tình huốn hổ trợ cần thiết cho nhân viên- Tìm kiếm và phát triển khách hàng, mở rộng quan hệ đối tác có nhu cầu cung cấp các giải pháp về Lĩnh vực kinh doanh ( Răng sứ - Chỉnh nha trong suốt )- Liên hệ với khách hàng để tìm hiểu nhu cầu, báo giá dịch vụ, hổ trợ gặp trực tiếp khách hàng cùng nhân viên- Xây dựng kế hoạch kinh doanh theo tháng, quý","- Có ít nhất 3 năm kinh nghiệm ở vị trí tương đương- Tốt nghiệp Đại học các ngành- Có kĩ năng quản lí đội nhóm, sắp xếp công việc, quản lí thời gian","- Lương + Bonus = 15tr - 65tr - Sau 2 tháng thử việc được ký HĐLĐ- Được tham gia các lớp training, du lịch .....- Được gặp gỡ và giao lưu với đối tác- Có cơ hội thăng tiến trong công việc- Được hưởng đầy đủ phúc lợi BH theo qui định của nhà nước",trưởng nhóm kinh doanh tại hà nộilập trình unityvisual merchandisingViệc làm TP.HCMBán hàng - Kinh doanhCông Ty TNHH Zava Việt ...,"Landmark 81 - 208 Nguyễn Hữu Cảnh, P.22, Q.Bình Thạnh - HCM",10 - 150 người
https://vieclam24h.vn/hanh-chinh-thu-ky/tro-ly-hanh-chanh-phong-thu-mua-c1p119id200283957.html,Công Ty TNHH Uni - President Việt Nam,Trợ Lý Hành Chánh Phòng Thu Mua,10 - 12 triệu,Bình Dương,Chuyên viên- nhân viên,1,Toàn thời gian cố định,Cao đẳng,1 năm,Hành chính - Thư ký/Biên phiên dịch/Thu mua - Kho Vận - Chuỗi cung ứng,"Bình Dương, Số 16-18-20, đường ĐT 743, KCN Sóng Thần 2, P. Dĩ An, TP. Dĩ An, Dĩ An",- Phiên dịch các chứng từ văn bản.- Hỗ trợ chủ quản nước ngoài giao tiếp với nhân viên.- Xử lý văn bản.- Một số công việc hành chánh văn phòng khác.- Chi tiết công việc sẽ được trao đổi cụ thể trong quá trình phỏng vấn,- Nữ.- Tiếng Trung thành thạo 4 kỹ năng.- Thành thạo vi tính văn phòng.- Các ứng viên vui lòng gửi CV song ngữ.,"- Được hưởng chế độ BHYT, BHXH, BHTN theo quy định và BH tai nạn 24/24.- Tăng lương hàng năm, cuối năm có thưởng lương tháng 13, thưởng lương 14 hấp dẫn.- Có quà dịp Lễ, Tết, sinh nhật, du lịch hàng năm và nhiều chế độ phúc lợi khác.",huyện dĩ anvisual merchandisingkhu công nghiệp sóng thầnViệc làm Bình DươngHành chính - Thư kýCông Ty TNHH Uni - ...,"Số 16-18-20, Đường Đt 743, Kcn Sóng Thần 2, Dĩ An, Bình Dương",Trên 300 người
https://vieclam24h.vn/ban-si-ban-le-quan-ly-cua-hang/quan-ly-cua-hang-c6p119id200283883.html,Bảo Lộc Tea Premium,Quản Lý Cửa Hàng,8 - 10 triệu,Bình Dương,Quản lý nhóm- giám sát,2,Toàn thời gian cố định,Cao đẳng,1 năm,Bán sỉ - Bán lẻ - Quản lý cửa hàng/Thực phẩm - Đồ uống/Khách sạn - Nhà hàng - Du lịch,"Bình Dương, 6A Nguyễn Trãi, P. Phú Cường, Thủ Dầu Một","- Sắp xếp lịch làm việc hợp lý để đảm bảo dịch vụ khách hàng tốt nhất.- Đảm bảo cửa hàng hoạt động đúng theo những tiêu chuẩn và quy định theo yêu cầu từ quản lý trực tiếp- Thúc đẩy và theo dõi các hoạt động về Doanh thu nhằm đảm bảo đạt doanh số công ty đưa ra- Chịu trách nhiệm quản lý hàng hóa, tồn kho, tài sản, các vấn đề liên quan tới toàn bộ tiền (Doanh thu, tiền petty cash, tiền thối)- Chịu trách nhiệm nộp tất cả doanh thu bán hàng vào tài khoản công ty theo đúng quy định- Giải quyết các vấn đề phát sinh đột xuất ở cửa hàng trong phạm vi cho phép- Quản lý, hướng dẫn, đào tạo nhân viên cấp dưới các kỹ năng cần thiết cho công việc được giao phó.- Phối hợp với Quản lý khu vực, và thực hiện các yêu cầu khác của Quản lý khu vực liên quan đến công việc kịp lúc và chính xác","• Số năm kinh nghiệm: 1- 2 năm ở vị trí tương đươngKỹ năng chuyên môn:• Nắm các kỹ năng quản lý căn bản hàng hóa, nhân sự, quy trình bán hàng và chăm sóc khách hàng• Biết sử dụng vi tính văn phòng, cách đọc hiểu các báo cáo như P&L, Sales, hàng hóa, và các báo cáo khác nhằm vận dụng vào công việc hằng ngày• Có khả năng đào tạo phát triển con người và bản thân.• Có kỹ năng truyền đạt thông tin đến các thành viên cửa hàng.","- Phúc lợi: đầy đủ theo quy định của Luật Lao động Việt Nam (BHXH, phép năm, thai sản...)- Cơ hội phát triển nghề nghiệp hấp dẫn tại môi trường chuyên nghiệp: quy trình đánh giá, xem xét tăng lương, thăng tiến, cấp bậc rõ ràng.- Được tham gia đào tạo, nâng cao kĩ năng và chuyên môn.",cửa hàngcửathị xã thủ dầu mộtViệc làm Bình DươngBán sỉ - Bán lẻ - Quản lý cửa hàngBảo Lộc Tea Premium,"6A Nguyễn Trãi, P. Phú Cường, Thị xã Thủ Dầu Một, Bình Dương",10 - 150 người
https://vieclam24h.vn/khoa-hoc-ky-thuat/nhan-vien-co-khi-luong-den-10-trieu-c34p73id200283674.html,Công Ty TNHH Chuyển Giao Công Nghệ Và Dịch Vụ Y Tế (Mtts),Nhân Viên Cơ Khí - Lương Đến 10 Triệu,7 - 10 triệu,Hà Nội,Chuyên viên- nhân viên,2,Toàn thời gian cố định,Trung cấp,Chưa có kinh nghiệm,Khoa học - Kỹ thuật/Điện - Điện tử - Điện lạnh/Cơ khí - Ô tô - Tự động hóa,"Hà Nội, Tây Hồ","- Vận hành máy phay CNC./ hoặc tiện CNC.- Lắp ráp, lặp đặt cơ khí- Đọc vẽ được các bản vẽ cơ khí.- Đảm bảo tính chính xác trong công việc.- Công việc cụ thể sẽ trao đổi khi phỏng vấn.- Ứng viên chỉ cần làm 1 vị trí mà công ty tuyển dụng","- Tốt nghiệp trung cấp ,cao đẳng chuyên ngành điên tử- Nhanh nhẹn ,sức khỏe tốt ,thị lực tốt không mắc các bệnh về mắt.- Ưu tiên có kinh nghiệm sửa chữa mạch điện tử,có thể đọc hiểu bản vẽ cơ khí.","- Tăng lương theo năng lực. Có thể thỏa thuận lương lại sau thử việc.- Có cơ chế tăng lương hàng năm.- Được làm việc trong môi trường quốc tế, sử dụng tiếng Anh.- Thời gian làm việc từ thứ 2 đến thứ 6 (Thứ 7 CN Nghỉ)- Lương tháng 13.- Bảo hiểm theo quy định- Du lịch thường niên",lươnghuyện an dươngnhân viên cViệc làm Hà NộiKhoa học - Kỹ thuậtCông Ty TNHH Chuyển Giao ...,"Số nhà 26 ngõ 41 Đường An Dương Vương, phường Phú Thượng, quận Tây Hồ, thành phố Hà Nội",10 - 150 người
https://vieclam24h.vn/ke-toan/ke-toan-tong-hop-c17p73id200283164.html,Công Ty TNHH Xây Lắp Điện Và Thương Mại Quang Anh,Kế Toán Tổng Hợp,8 - 12 triệu,Hà Nội,Chuyên viên- nhân viên,2,Toàn thời gian cố định,Cao đẳng,1 năm,Kế toán/Kiểm toán,"Hà Nội, Nhà LK05-TT1, Khu nhà ở C14, 362 Bùi Xương Trạch, Hoàng Mai, HN, Hoàng Mai","- Lập báo cáo thuế, báo cáo tài chính và các tài liệu liên quan đến thuế.- Lập chứng từ ngân hàng, giao dịch với ngân hàng.- Soạn thảo hợp đồng mua bán thiết bị, hàng hóa.- Lập chứng từ lương, bảo hiểm và giao dịch bảo hiểm xã hội khi có nghiệp vụ phát sinh.- Thực hiện sổ sách theo luật kế toán và quy định của Công ty.- Theo dõi các khoản công nợ đối với khách hàng và nhà cung cấp.- Nhập chứng từ nhập hàng, xuất hàng- Các công việc khác theo phân công của người phụ trách.- Địa chỉ nơi làm việc: Nhà LK05-TT1, Khu nhà ở C14, 362 Bùi Xương Trạch, Hoàng Mai, HN- Thời gian làm việc: Từ thư 2 đến sáng thứ 7, Sáng từ 8h-12h, chiều từ 13h30 đến 17h30","- Nữ, tốt nghiệp Cao đẳng, Đại học chuyên ngành Kế toán. - Kinh nghiệm tối thiểu 1 năm ở vị trí tương đương- Sử dụng thành thạo vi tính văn phòng, các phần mềm hỗ trợ kế toán và quản lý văn phòng. - Có tinh thần trách nhiệm với công việc.","- Lương: 8 - 12 triệu (Thỏa thuận theo năng lực)- Được hưởng các chế độ phúc lợi khác theo quy định của công ty.- Được nghỉ phép năm, nghỉ Lễ tết theo quy định của luật lao động.- Chính sách đãi ngộ về lương thưởng hấp dẫn, phù hợp với năng lực cá nhân.- Làm việc trong môi trường mở, chuyên nghiệp và có cơ hội thăng tiến cao.",kế toántoántổng hợpViệc làm Hà NộiKế toánCông Ty TNHH Xây Lắp ...,"Nhà LK05-TT1, Khu nhà ở C14, 362 Bùi Xương Trạch, Hoàng Mai, HN",Dưới 10 người
https://vieclam24h.vn/thu-mua-kho-van-chuoi-cung-ung/nhan-vien-ke-toan-kho-c14p119id200283934.html,Công Ty Tnhh Ngũ Kim Phương Anh,Nhân Viên Kế Toán Kho,7 - 10 triệu,Bình Dương,Chuyên viên- nhân viên,2,Toàn thời gian cố định,Trung cấp,1 năm,Thu mua - Kho Vận - Chuỗi cung ứng/Kế toán,"Bình Dương,  KDC Vĩnh Phú 2, Thuận An, Thuận An","- Giám sát thực hiện thủ tục nhập xuất kho của các kho- kiểm tra đơn đặt hàng ,xác nhận số lượng tồn kho của các cửa hàng trước khi đặt hàng ,thực hiện điều chuyển khi cần thiết-Theo dõi tình trạng xác nhận hàng hóa giữ các khu vực trên hệ thống- Điều phối kịp tiến độ xuất hàng (xuất chuyển nội bộ,xuất bán,.. )- Theo dõi kiểm soát tồn kho- Báo cáo những mặt hàng sắp hết trong kho- Các công việc khác theo yêu cầu của cấp trên.","- Tốt nghiệp trung cấp/Cao đẳng ngành Kế toán trở lên- Kinh nghiệm trên 1 năm- Kỹ năng giao tiếp, xử lý tình huống tốt- Phẩm chất trung thực, cẩn thận, sạch sẽ, có tính bảo mật, tận tụy gắn bó với công việc-Thuần thục phần mềm văn phòng Word, Excel -Có kinh nghiệm sử dụng phần mềm kế toán Misa","- Mức lương thỏa thuận - Được hưởng các chế độ các ngày lễ tết, hiếu ,hỉ, sinh nhật, tham gia teambulding, tham gia du lịch hàng năm cùng công ty.- Nghỉ phép và tham gia đóng bảo hiểm theo luật lao động.- Làm việc trong môi trường chuyên nghiệp",kế toántoánkhoViệc làm Bình DươngThu mua - Kho Vận - Chuỗi cung ứngCông Ty Tnhh Ngũ Kim ...,"KDC Vĩnh Phú 2, Thuận An, Bình Dương",10 - 150 người
https://vieclam24h.vn/ban-hang-kinh-doanh/chuyen-vien-kinh-doanh-dich-vu-vien-thong-fpt-telecom-quan-2-quan-9-c13p122id200283838.html,Chi Nhánh Công Ty Cổ Phần Viễn Thông Fpt,"Chuyên Viên Kinh Doanh Dịch Vụ Viễn Thông Fpt Telecom (Quận 2, Quận 9)",8 - 20 triệu,TP.HCM,Chuyên viên- nhân viên,10,Toàn thời gian cố định,Trung học,Chưa có kinh nghiệm,Bán hàng - Kinh doanh/Bưu chính viễn thông/Nghề nghiệp khác,"TP.HCM, 385 Man Thiện, Tăng Nhơn Phú A, Thủ ĐứcTP.HCM, 288 Nguyễn Duy Trinh, Bình Trưng Tây, Thủ Đức","Chủ động tìm kiếm thông tin, tiếp cận các khách hàng tiềm năng.Tư vấn, giải thích cho khách hàng về dịch vụ do FPT Telecom đang cung cấp ( Sản phẩm: Internet, Truyền hình, FPT Play box, FPT Camera,...).Đàm phán, thương lượng, xúc tiến ký kết hợp đồng với khách hàng. Thấu cảm, tạo ra những tương tác, trải nghiệm cá nhân hóa tới người dùng/khách hàng trên các kênh (online/offline) ở mọi điểm chạm.Chăm sóc khách hàng sau bán hàng.Thực hiện các công việc khác theo yêu cầu của quản lý.","Ưu tiên Nam, tốt nghiệp THPT trở lên.Có phương tiện di chuyển và smartphone.Đam mê kinh doanh, từng làm công việc bán hàng, tư vấn là một lợi thế.Giao tiếp tốt, có kỹ năng thuyết phục, có tư duy luôn lấy khách hàng làm trọng tâm.Nhanh nhẹn, linh hoạt, giải quyết tình huống tốt.Chịu được áp lực cao trong công việc.","Thu nhập: 8 - 20 triệu/tháng. Thu nhập năm từ 14-18 tháng lương (13 tháng lương, thưởng nghỉ mát, thưởng hiệu quả kinh doanh…).Được hưởng đầy đủ các chế độ theo luật lao động hiện hành: BHYT, BHXH…Phúc lợi: Khám sức khỏe định kỳ hàng năm, gói bảo hiểm sức khỏe chuyên biệt FPT Care dành cho việc khám và chữa bệnh nội, ngoại trú.Môi trường làm việc thân thiện, chuyên nghiệp. năng động và trẻ trung.Văn hóa doanh nghiệp đặc sắc, sinh động bậc nhất với nhiều hoạt động hấp dẫn: Tân binh hội nhập, nghỉ mát, team building, thi Trạng, hội Làng, CLB thể thao/văn nghệ/ thiện nguyện…Được tham gia các chương trình đào tạo nghiệp vụ, phát triển kỹ năng của công ty.Cơ hội thăng tiến lên các vị trí Cán bộ quản lý của công ty.Ghi chú: FPT Telecom không thu bất kỳ chi phí nào của Ứng viên, Sinh viên trong quá trình tuyển dụng, thực tập.",dịch vụ viễn thôngchuyên viênfptViệc làm TP.HCMBán hàng - Kinh doanhChi Nhánh Công Ty Cổ ...,"385 Man Thiện, Tăng Nhơn Phú A, TP Thủ Đức, HCM",Trên 300 người
